shrihari_2101ee68@iitp.ac.in,shrihari.deshpande0143@gmail.com,raman_2101cs64@iitp.ac.in,ashutosh_2101cs12@iitp.ac.in,bellamkonda_2101cs17@iitp.ac.in,ramanbansal278@gmail.com,aman_2101ai37@iitp.ac.in,suryansh_2101mc41@iitp.ac.in,mishra_2101ee86@iitp.ac.in,aamanvermalmp@gmail.com,2201mc04_aman@iitp.ac.in,2201mc18_harshit@iitp.ac.in,2201mc19_himanshu@iitp.ac.in,pandeyhimanshu01847@gmail.com,2201cs30_harsh@iitp.ac.in,2201cs19_aryan@iitp.ac.in,2201cs47_mdkamran@iitp.ac.in,harshdahiya7766@gmail.com,2201ee70_sujal@iitp.ac.in,2201cs70_supreet@iitp.ac.in,2201cs31_hrishikesh@iitp.ac.in,sujalpachori@gmail.com,2201ai36_somil@iitp.ac.in,2201ai34_samar@iitp.ac.in,2201ee16_arunangshu@iitp.ac.in,somil2908@gmail.com,nagireddy_2101cs48@iitp.ac.in,anudeep_2101ai43@iitp.ac.in,burri_2101ee21@iitp.ac.in,nagireddysaitarun@gmail.com,aditya_2101cs05@iitp.ac.in,swapnil_2101ai34@iitp.ac.in,ayush_2101cs15@iitp.ac.in,adityapoddar0903@gmail.com,2201me59_satyam@iitp.ac.in,2201cs33_jatin@iitp.ac.in,2201mc34_roshan@iitp.ac.in,satyam12102004@gmail.com,2201ai15_harshit@iitp.ac.in,2201PH33_devansh@iitp.ac.in,2201MC15_devankar@iitp.ac.in,harshit0001mi@gmail.com,achhada_2101cs03@iitp.ac.in,haider_2101cs07@iitp.ac.in,sahil_2101cs69@iitp.ac.in,achhadahiren201@gmail.com,pradeep_2101cs59@iitp.ac.in,nityanand_2101cs54@iitp.ac.in,nishant_2101cs52@iitp.ac.in,pyahoo2881@gmail.com,2201cs63_sangyan@iitp.ac.in,2201cs57_rahul@iitp.ac.in,2201cs64_satyam@iitp.ac.in,sangyandayal5@gmail.com,akash_2101cs90@iitp.ac.in,aadit_2101ai02@iitp.ac.in,atul_2101cs88@iitp.ac.in,akash03sinha@gmail.com,dhruv_2101cs26@iitp.ac.in,abhijeet_2101cs02@iitp.ac.in,ayush_2101ce14@iitp.ac.in,dhruvkumaragarwal11@gmail.com,2201ee71_suruchi@iitp.ac.in,2201ee42_nidhi@iitp.ac.in,2201ee59_sanjana@iitp.ac.in,suruchik661@gmail.com,2201ee30_harshvardhan@iitp.ac.in,2201mm37_arpan@iitp.ac.in,2201me79_aditya@iitp.ac.in,harshchauhan97194@gmail.com,2201cs16_animesh@iitp.ac.in,2201ee38_mihir@iitp.ac.in,2201ee15_arshaan@iitp.ac.in,aanimeshtripathy@gmail.com,prakash_2101ai24@iitp.ac.in,ashutosh_2101ai07@iitp.ac.in,dhruv_2101cs25@iitp.ac.in,prakash.iitp25@gmail.com,kirtan_2101cs38@iitp.ac.in,martin_2101cs43@iitp.ac.in,parth_2101ee49@iitp.ac.in,kirtanjain0504@gmail.com,2201cs80_yuvraj@iitp.ac.in,2201cs86_siddharth@iitp.ac.in,2201cs67_shanu@iitp.ac.in,yuviman0808@gmail.com,2201mc41_tanishka@iitp.ac.in,2201ai40_tanisha@iitp.ac.in,2201mm33_tanvi@iitp.ac.in,tanpal22@gmail.com,2201ce49_rabi@iitp.ac.in,2201cb30_luqman@iitp.ac.in,2201me16_aryan@iitp.ac.in,rabishaw665@gmail.com,2201cs73_ujjawal@iitp.ac.in,2201ee68_soham@iitp.ac.in,2201ee47_rahul@iitp.ac.in,ujjawalsinha1947@gmail.com,2201ce29_kushagra@iitp.ac.in,2201cs39_krishna@iitp.ac.in,2201cs41_krrish@iitp.ac.in,kushagra2127pandey@gmail.com,rishikant_2101cs66@iitp.ac.in,tulasi_2101cs57@iitp.ac.in,suraj_2101cs75@iitp.ac.in,kanishq.taur3@gmail.com,2201ee44_parv@iitp.ac.in,2201cs50_nagesh@iitp.ac.in,2201cs49_moulik@iitp.ac.in,gadhethariyadinesh6@gmail.com,priya_2101cs40@iitp.ac.in,jasmine_2101cs33@iitp.ac.in,sampreety_2101cs71@iitp.ac.in,shanmukha.m.priya@gmail.com,aryaman_2001cs10@iitp.ac.in,dhruv_2001cs23@iitp.ac.in,anay_2001cs05@iitp.ac.in,aryamitabh@gmail.com,2201me26_bishwamohan@iitp.ac.in,2201me22_ayush@iitp.ac.in,jenabishwamohan@gmail.com,2201ai35_saumya@iitp.ac.in,2201ai07_ansh@iitp.ac.in,2201ee13_arichay@iitp.ac.in,spsingh101203@gmail.com,darish_2101mc29@iitp.ac.in,lalit_2101ai17@iitp.ac.in,syed_2101ee72@iitp.ac.in,darishkhanon155@gmail.com,2201CS27_gorle@iitp.ac.in,2201CS29_gurram@iitp.ac.in,2201CS28_gorle@iitp.ac.in,manideepnaidugorle@gmail.com,2201cs74_umar@iitp.ac.in,2201cs36_kashish@iitp.ac.in,2201cs48_mohammad@iitp.ac.in,meumarkhan23@gmail.com,2201cs10_akarsh@iitp.ac.in,2201me30_harsh@iitp.ac.in,2201mc13_deep@iitp.ac.in,deep26102003@gmail.com,khushi_2101cs37@iitp.ac.in,kalpit_2101cs34@iitp.ac.in,vaibhav_2101mc51@iitp.ac.in,khushisingh4218@gmail.com,2201ai48_divyam@iitp.ac.in,2201cs25_gaurav@iitp.ac.in,2201ai47_ankit@iitp.ac.in,2004divyamgupta@gmail.com,nishant_2101me45@iitp.ac.in,ashraf_2101me16@iitp.ac.in,nishantrao2003@gmail.com,2201ce31_mayank@iitp.ac.in,2201ai38_swathi@iitp.ac.in,2201me49_pushpendra@iitp.ac.in,mayankkr2604@gmail.com,2201mm17_kumar@iitp.ac.in,2201cb31_mayank@iitp.ac.in,2201me32_harsh@iitp.ac.in,kumarnalinsingh@gmail.com,nandita_2101mm12@iitp.ac.in,nandita27iitp@gmail.com,pranav_2101cb43@iitp.ac.in,manish_2101ee91@iitp.ac.in,hardik_2101mc19@iitp.ac.in,rajpranavxc@gmail.com,prakash_2101mc31@iitp.ac.in,prakhar_2101mc32@iitp.ac.in,rahul_2101ee58@iitp.ac.in,pkjha0102@gmail.com,2201cs58_rahul@iitp.ac.in,harsh171517@gmail.com,Aakash_2101ee01@iitp.ac.in,Chitraksh_2101ee25@iitp.ac.in,vardhan_2101cs80@iitp.ac.in,aakashpolist@gmail.com,2201mc21_kanishk@iitp.ac.in,2201cs46_mdadil@iitp.ac.in,2201mm21_mridul@iitp.ac.in,kanishks281@gmail.com,2201ai30_raj@iitp.ac.in,2201me67_soham@iitp.ac.in,2201ce58_satvik@iitp.ac.in,rajpatil172004@gmail.com,heet_2101ee36@iitp.ac.in,honey_2101ee37@iitp.ac.in,shubh_2101ee69@iitp.ac.in,hsdhorajiya80@gmail.com,2201me36_kalpana@iitp.ac.in,2201cb50_sakshi@iitp.ac.in,2201me35_jagriti@iitp.ac.in,ttalks117@gmail.com,shivam_2001me70@iitp.ac.in,shivam_2001cb48@iitp.ac.in,yash_2001me82@iitp.ac.in,ajitsariayash320@gmail.com,2201mc14_deepak@iitp.ac.in,2201mc05_arpit@iitp.ac.in,2201ph07_ayush@iitp.ac.in,kishoredeepak816@gmail.com,devansh_2101ce17@iitp.ac.in,kanishka_2101ph17@iitp.ac.in,aditya_2101me05@iitp.ac.in,raianupam2002@gmail.com,debashish_2101ee95@iitp.ac.in,kalitadebashish19@gmail.com,animesh_2001cs07@iitp.ac.in,adarsh_2001cs02@iitp.ac.in,hardik_2001cs27@iitp.ac.in,animeshksinha27@gmail.com,nitesh_2001me42@iitp.ac.in,nitesh620137@gmail.com,2201mc08_ashutosh@iitp.ac.in,2201mc02_abhijeet@iitp.ac.in,2201cs01_aakash@iitp.ac.in,prasadashutosh5939@gmail.com,rajat_2101ee60@iitp.ac.in,tejas_2101ai42@iitp.ac.in,ishan_2101mc50@iitp.ac.in,rajatrkb6@gmail.com,20je0001@iitp.ac.in,20je0002@iitp.ac.in,20je0003@iitp.ac.in,a30adlakha@gmail.com,vikash_2101cs82@iitp.ac.in,anupunj_2101me11@iitp.ac.in,vikashverma5145@gmail.com,2201mm26_rudra@iitp.ac.in,2201ee53_rupesh@iitp.ac.in,2201ce44_prashant@iitp.ac.in,rudralm10@gmail.com,shashi_2101ee66@iitp.ac.in,amar_2101ph06@iitp.ac.in,nitish_2101ph22@iitp.ac.in,amar.kumar.iitp@gmail.com,2201ai43_venkata@iitp.ac.in,2201ai08_boreddy@iitp.ac.in,2201ph05_animesh@iitp.ac.in,akshithareddyboreddy03@gmail.com,2201me25_bipul@iitp.ac.in,bipulraj.great@gmail.com,tatiparthi_2101cs77@iitp.ac.in,singam_2101ai32@iitp.ac.in,snadh520@gmail.com,2201ai49_padamati@iitp.ac.in,2201cs69_sriyash@iitp.ac.in,2201ai11_dunga@iitp.ac.in,pranavsaipadamati@gmail.com,hitin_2101me29@iitp.ac.in,gaurav_2101me23@iitp.ac.in,ronak_2101cs67@iitp.ac.in,hitinbajaj77@gmail.com,2201cs15_anchal@iitp.ac.in,2201cs24_erum@iitp.ac.in,2201cs55_pranjal@iitp.ac.in,anchaldubey.online@gmail.com,shaan_2101ee64@iitp.ac.in,harman_2101ee34@iitp.ac.in,shaanjijoe2@gmail.com,2201cs68_sonalika@iitp.ac.in,2201cs65_saumya@iitp.ac.in,2201cs59_ranjan@iitp.ac.in,sonalikachandra79@gmail.com,gaurav_2101ee31@iitp.ac.in,anjali_2101ee09@iitp.ac.in,akash_2101ee06@iitp.ac.in,gkg11092002@gmail.com,shivansh_2001cs66@iitp.ac.in,shubham_2001cs68@iitp.ac.in,yash_2001cs79@iitp.ac.in,sjshivanshj@gmail.com,birappan_2101me20@iitp.ac.in,divyam_2101cs28@iitp.ac.in,aniket_2101mc04@iitp.ac.in,birappankumaraur@gmail.com,2201ce50_ramnivas@iitp.ac.in,2201ph03_aditya@iitp.ac.in,2201ee08_alok@iitp.ac.in,ramnivasiitp2026@gmail.com,vansh_2101cs79@iitp.ac.in,rudraksh_2101mc36@iitp.ac.in,achhada_2101cs03@iitp.ac.in,vanshenrique.singh@gmail.com,2201cs62_sama@iitp.ac.in,fll605511@gmail.com,2201me46_priyanshi@iitp.ac.in,2201ee56_samudhrala@iitp.ac.in,2201ai41_vaani@iitp.ac.in,sharmapriyanshi178@gmail.com,ayesha_2101ph12@iitp.ac.in,shivani_2101me64@iitp.ac.in,himanshi_2101ce26@iitp.ac.in,shivani080202@gmail.com,2201ee74_toshit@iitp.ac.in,wtoshit@gmail.com,vishnu_2101me80@iitp.ac.in,melvin_2101me40@iitp.ac.in,pranav_2101ce40@iitp.ac.in,vishnusivasankar13@gmail.com,mantri_2001cs46@iitp.ac.in,yash_2001cs80@iitp.ac.in,itsnotmailitskatsura@gmail.com,harsh_2001CE24@iitp.ac.in,atul_2001ce16@iitp.ac.in,harshmangalamv@gmail.com,sahini_2101cb49@iitp.ac.in,sahinisruti@gmail.com,2201mm08_anurag@iitp.ac.in,2201cs17_anshul@iitp.ac.in,2201cs14_amitesh@iitp.ac.in,anuragsingh133125@gmail.com,2201ai04_ammar@iitp.ac.in,ammar.ahmad.tiseok@gmail.com,yash_2001cs78@iitp.ac.in,yash9274gautam@gmail.com,pragya_2101ai23@iitp.ac.in,harsh_2101cs32@iitp.ac.in,dhrutisundar_2101ee26@iitp.ac.in,pragyaharsh05@gmail.com,2201ee26_gaurav@iitp.ac.in,2201cb25_harshita@iitp.ac.in,2201mc32_rituparan@iitp.ac.in,jitugauravb@gmail.com,chiranjibi_2101cs21@iitp.ac.in,chiranpradhan888@gmail.com,