anshiv.singla.cse21@itbhu.ac.in,kushagra.goel.cse20@itbhu.ac.in,piyush.pransukhka.mat20@itbhu.ac.in,anshiv.singla.cse21@itbhu.ac.in,sachinkumar.gupta.cse21@itbhu.ac.in,harmanjot.singh.cse21@itbhu.ac.in,saikat.mondal.cse21@itbhu.ac.in,sachinkumar.gupta.cse21@itbhu.ac.in,ayush.kumarsingh.eee22@itbhu.ac.in,ayush.singh.eee22@itbhu.ac.in,ayush.kumarsingh.eee22@itbhu.ac.in,tilak.gupta.mec22@itbhu.ac.in,yelchuri.hrishit.mec22@itbhu.ac.in,vaibhav.student.mec22@itbhu.ac.in,tilak.gupta.mec22@itbhu.ac.in,priyanshi.goyal.cse22@itbhu.ac.in,kshitij.sharma.cse22@itbhu.ac.in,kritarth.student.ece22@itbhu.ac.in,priyanshi.goyal.cse22@itbhu.ac.in,mamaleshr.hake.ece21@itbhu.ac.in,mamaleshr.hake.ece21@itbhu.ac.in,divyansh.jain.ece21@itbhu.ac.in,divyansh.jain.ece21@itbhu.ac.in,akash.upadhyay.met22@itbhu.ac.in,akash.upadhyay.met22@itbhu.ac.in,akash.upadhyay.met22@itbhu.ac.in,satti.srkrishnareddy.ece22@itbhu.ac.in,sattisivaramakrishnareddy2@gmail.com,abhipsita.das.cd.met20@itbhu.ac.in,sanskar.singh.chy20@itbhu.ac.in,shubham.krmandal.min20@itbhu.ac.in,abhipsitadas@gmail.com,dhruvi.jain.ece21@itbhu.ac.in,dhruvi.jain.ece21@itbhu.ac.in,sobi.jain.cse19@itbhu.ac.in,abhirami.r.cd.mat19@itbhu.ac.in,shivangi.nayak.mat19@itbhu.ac.in,sobi.jain.cse19@itbhu.ac.in,advait.student.met22@itbhu.ac.in,advait.student.met22@itbhu.ac.in,madhavendra.srathore.cse21@itbhu.ac.in,parth.kesarwani.cse21@itbhu.ac.in,kushagra.gupta.cse21@itbhu.ac.in,madhavendra.srathore.cse21@itbhu.ac.in,pranav.ajith.cse21@itbhu.ac.in,ishika.saini.eee21@itbhu.ac.in,pranav.ajith.cse21@itbhu.ac.in,abhigyan.pandey.cse22@itbhu.ac.in,piyush.goyal.cse22@itbhu.ac.in,shivansh.kandpal.cse22@itbhu.ac.in,abhigyan.pandey.cse22@itbhu.ac.in,chinmay.shukla.min22@itbhu.ac.in,chinmay.shukla.min22@itbhu.ac.in,stushar.gajanan.mec21@itbhu.ac.in,stushar.gajanan.mec21@itbhu.ac.in,asundeep.chowdary.mat21@itbhu.ac.in,asundeep.chowdary.mat21@itbhu.ac.in,sarthak.vishwakarma.eee21@itbhu.ac.in,siddharth.varshney.eee21@itbhu.ac.in,manav.mehta.eee21@itbhu.ac.in,sarthak.vishwakarma.eee21@itbhu.ac.in,samyak.jain.che21@itbhu.ac.in,vibhav.gupta.che21@itbhu.ac.in,priyanshu.gupta.che21@itbhu.ac.in,samyak.jain.che21@itbhu.ac.in,m.muralikrishna.cse21@itbhu.ac.in,divyanshi.chauhan.cse21@itbhu.ac.in,dipti.gupta.cse21@itbhu.ac.in,m.muralikrishna.cse21@itbhu.ac.in,aman.kumar.ece23@itbhu.ac.in,aman.kumar.ece23@itbhu.ac.in,kumaraman55475@gmail.com,rohit.kesharwani.phe22@itbhu.ac.in,rohit.kesharwani.phe22@itbhu.ac.in,sparsh.gupta.che22@itbhu.ac.in,samarth.jain.cd.che22@itbhu.ac.in,ritik.thakur.che22@itbhu.ac.in,sparshgupta2810@gmail.com,mridul.athya.cse23@itbhu.ac.in,mridul.athya.cse23@itbhu.ac.in,prashant.garg.cd.eee22@itbhu.ac.in,prashantk.singhyadav.cse22@itbhu.ac.in,prashant.garg.cd.eee22@itbhu.ac.in,yuval.goyal.cse22@itbhu.ac.in,arnavkumar.sinha.cse22@itbhu.ac.in,abhinav.lenka.cse22@itbhu.ac.in,yuval.goyal.cse22@itbhu.ac.in,aditya.mishra.che22@itbhu.ac.in,aditya.mishra.che22@itbhu.ac.in,harshvardhan.patel.che22@itbhu.ac.in,harshvardhan.patel.che22@itbhu.ac.in,aditya.raj.ece22@itbhu.ac.in,agnishuddho.kundu.ece22@itbhu.ac.in,rachit.khare.ece22@itbhu.ac.in,aditya.raj.ece22@itbhu.ac.in,ojaswi.pandey.cd.ece22@itbhu.ac.in,mradul.misra.cd.ece22@itbhu.ac.in,lovish.pahwa.cd.eee22@itbhu.ac.in,ojaswi.pandey.cd.ece22@itbhu.ac.in,chirag.student.cd.cse22@itbhu.ac.in,marathe.shaunak.cd.cse22@itbhu.ac.in,shubham.jain.cd.cse22@itbhu.ac.in,shaunak1402@gmail.com,shikhar.srivastav.cd.cse22@itbhu.ac.in,soumyo.purkayastha.cd.ece22@itbhu.ac.in,vidit.khandelwal.ece22@itbhu.ac.in,shikhars2003@gmail.com,dev.gupta.cse22@itbhu.ac.in,tirth.bhayani.cse22@itbhu.ac.in,rijul.singla.cse22@itbhu.ac.in,rijul.singla.cse22@itbhu.ac.in,jayant.pranjal.cse21@itbhu.ac.in,hardik.agrawal.cse21@itbhu.ac.in,aditya.vats.cse21@itbhu.ac.in,jayant.pranjal.cse21@itbhu.ac.in,jeet.vyas.mec21@itbhu.ac.in,jeet.vyas.mec21@itbhu.ac.in,pranjal.shrivastava.cd.che20@itbhu.ac.in,ayush.tiwari.cd.che20@itbhu.ac.in,suraj.patel.che20@itbhu.ac.in,pranjal.shrivastava.cd.che20@itbhu.ac.in,aditya.kulkarni.cd.mat20@itbhu.ac.in,aditya.kulkarni.cd.mat20@itbhu.ac.in,thakur.abhishekaman.cd.che20@itbhu.ac.in,patil.aniruddhav.che20@itbhu.ac.in,shubham.garg.ece20@itbhu.ac.in,thakur.abhishekaman.cd.che20@itbhu.ac.in,kunal.gupta.eee22@itbhu.ac.in,kunal.gupta.eee22@itbhu.ac.in,soumyadeep.das.cse21@itbhu.ac.in,yash.agrawal.cse21@itbhu.ac.in,mphani.herambanath.cse21@itbhu.ac.in,soumyadeep4122002@gmail.com,hemant.ayuj.cse23@itbhu.ac.in,lakshya.student.cse23@itbhu.ac.in,kgeethesh.chandra.cse23@itbhu.ac.in,hemant.ayuj@gmail.com,ojasva.gupta.mat21@itbhu.ac.in,ansh.chaudhary.mat21@itbhu.ac.in,utkarsh.rai.mat21@itbhu.ac.in,ojasva.gupta.mat21@itbhu.ac.in,bhav.khurana.cse21@itbhu.ac.in,eshaan.aggarwal.cse21@itbhu.ac.in,krishna.madhwani.cse21@itbhu.ac.in,bhav.khurana.cse21@itbhu.ac.in,mridul.ramakrishnan.mat21@itbhu.ac.in,mddanish.ansari.mat21@itbhu.ac.in,harshit.inani.mat21@itbhu.ac.in,mridul.ramakrishnan.mat21@itbhu.ac.in,ayush.gangwani.ece20@itbhu.ac.in,archit.soni.ece20@itbhu.ac.in,mayank.singh.ece20@itbhu.ac.in,ayush.gangwani.ece20@itbhu.ac.in,samar.anandpal.cse22@itbhu.ac.in,raj.kanani.ece22@itbhu.ac.in,saksham.misra.ece22@itbhu.ac.in,raj.kanani.ece22@itbhu.ac.in,dalvi.gaurav.cse22@itbhu.ac.in,chirag.garg.cse22@itbhu.ac.in,harsh.lahoti.cse22@itbhu.ac.in,dalvi.gaurav.cse22@itbhu.ac.in,saket.sarraf.ece22@itbhu.ac.in,pratyush.mishra.ece22@itbhu.ac.in,punyansh.student.ece22@itbhu.ac.in,saket.sarraf.ece22@itbhu.ac.in,gaurav.kumawat.cse20@itbhu.ac.in,manik.student.cse20@itbhu.ac.in,gaurav.kumar.cse20@itbhu.ac.in,gaurav.kumar.cse20@itbhu.ac.in,sidharth.student.cse21@itbhu.ac.in,sidharth.student.cse21@itbhu.ac.in,ankur.student.cd.ece22@itbhu.ac.in,abhinav.chaudhary.cd.ece22@itbhu.ac.in,ankit.saha.min22@itbhu.ac.in,ankur.student.cd.ece22@itbhu.ac.in,hardik.agrawal.cse21@itbhu.ac.in,jayant.pranjal.cse21@itbhu.ac.in,aditya.vats.cse21@itbhu.ac.in,hardik.agrawal.cse21@itbhu.ac.in,soham.ray.mec22@itbhu.ac.in,subhankar.banerjee.cse22@itbhu.ac.in,mayukh.sarkar.che22@itbhu.ac.in,soham.ray.mec22@itbhu.ac.in,swayam.prakash.mec21@itbhu.ac.in,aryan.skumar.mec21@itbhu.ac.in,tanmay.shukla.mec21@itbhu.ac.in,swayam.prakash.mec21@itbhu.ac.in,vaishnavi.gaddalay.ece22@itbhu.ac.in,samruddhi.deshmukh.ece22@itbhu.ac.in,vaishnavi.gaddalay.ece22@itbhu.ac.in,deepaprakash.k.ece22@itbhu.ac.in,dhapare.avanish.cd.eee22@itbhu.ac.in,divyansh.sharma.cd.ece22@itbhu.ac.in,deepaprakash.k.ece22@itbhu.ac.in,ricktho.sarkar.cd.eee22@itbhu.ac.in,ricktho.sarkar.cd.eee22@itbhu.ac.in,r.ashvita.mec22@itbhu.ac.in,r.ashvita.mec22@itbhu.ac.in,aryan.prakhar.cd.civ22@itbhu.ac.in,arnav.shah.cd.civ22@itbhu.ac.in,arnav.raj.cd.mec22@itbhu.ac.in,aryan.prakhar.cd.civ22@itbhu.ac.in,mude.rohith.cse21@itbhu.ac.in,yharshith.sreddy.cse21@itbhu.ac.in,g.unureddy.cse21@itbhu.ac.in,mude.rohith.cse21@itbhu.ac.in,peddi.rohith.cse21@itbhu.ac.in,yash.babel.cse21@itbhu.ac.in,avinash.ranjan.cse21@itbhu.ac.in,rohith.peddi007@gmail.com,karankr.das.cse22@itbhu.ac.in,jinesh.jain.cse22@itbhu.ac.in,akshun.singhrathore.cse22@itbhu.ac.in,karankr.das.cse22@itbhu.ac.in,prateek.rajput.ece22@itbhu.ac.in,priyanshu.singh.ece22@itbhu.ac.in,sameer.shaswat.ece22@itbhu.ac.in,prateek.rajput.ece22@itbhu.ac.in,rudra.umesh.patel.cse22@itbhu.ac.in,vinchhi.jay.cse22@itbhu.ac.in,rudra.umesh.patel.cse22@itbhu.ac.in,agastaya.sharma.cse22@itbhu.ac.in,chetan.bhavsar.cse22@itbhu.ac.in,ankit.kumar.cse22@itbhu.ac.in,agastaya.sharma.cse22@itbhu.ac.in,ckarthik.sharma.ece22@itbhu.ac.in,sammit.dhar.ece22@itbhu.ac.in,kothapalli.santosh.ece22@itbhu.ac.in,ckarthiksharma228@gmail.com,dibyajyoti.mandal.cd.ece22@itbhu.ac.in,amaan.siddiqui.cd.ece22@itbhu.ac.in,ankur.rawat.che22@itbhu.ac.in,dibyajyoti.mandal.cd.ece22@itbhu.ac.in,bhuvnesh.aggarwal.ece22@itbhu.ac.in,mayank.agrawal.ece22@itbhu.ac.in,bishwajeet.kaushal.ece22@itbhu.ac.in,bhuvnesh.aggarwal.ece22@itbhu.ac.in,raj.mittal.cd.eee20@itbhu.ac.in,narottam.viswas.eee20@itbhu.ac.in,praneeth.bg.eee20@itbhu.ac.in,rajmittal3087@gmail.com,priyanshu.tiwari.min22@itbhu.ac.in,puskar.singh.civ22@itbhu.ac.in,pratik.ranjan.min22@itbhu.ac.in,priyanshu.tiwari.min22@itbhu.ac.in,anusha.mahajan.ece21@itbhu.ac.in,anshu.soni.ece21@itbhu.ac.in,anusha.mahajan.ece21@itbhu.ac.in,nitish.kumar.mat21@itbhu.ac.in,rohan.student.mat21@itbhu.ac.in,nakshatra.shivhare.mat21@itbhu.ac.in,nitish.kumar.mat21@itbhu.ac.in,melgirisanket.sanjay.eee22@itbhu.ac.in,ayush.choudhary.cd.eee22@itbhu.ac.in,melgirisanket.sanjay.eee22@itbhu.ac.in,devasani.ramu.cse22@itbhu.ac.in,bhanu.verma.cse22@itbhu.ac.in,vishnulal.maurya.cse22@itbhu.ac.in,devasani.ramu.cse22@itbhu.ac.in,shahvraj.snehal.cse22@itbhu.ac.in,ayush.kumar.cse22@itbhu.ac.in,aryan.gupta.cse22@itbhu.ac.in,shahvraj3010@gmail.com,shubham.jaiswal.ece21@itbhu.ac.in,shivom.student.ece21@itbhu.ac.in,shubham.jaiswal.ece21@itbhu.ac.in,vedika.chandra.cse21@itbhu.ac.in,shriya.tiwari.cse21@itbhu.ac.in,yutika.singh.cse21@itbhu.ac.in,vedika.chandra.cse21@itbhu.ac.in,aditya.bijunair.mec21@itbhu.ac.in,nishant.bansal.mec21@itbhu.ac.in,himanshu.barde.mec21@itbhu.ac.in,aditya.bijunair.mec21@itbhu.ac.in,madhav.bansal.mat21@itbhu.ac.in,akshil.ahuja.mat21@itbhu.ac.in,sheelranjan.bajpai.mat21@itbhu.ac.in,akshil.ahuja.mat21@itbhu.ac.in,saatvik.sharma.mat19@itbhu.ac.in,roshan.mjain.cse19@itbhu.ac.in,rahul.malik.mat19@itbhu.ac.in,saatvik.sharma.mat19@itbhu.ac.in,eshaan.sodhi.cse22@itbhu.ac.in,devashish.raj.cse22@itbhu.ac.in,eshaansodhi04@gmail.com,siddanth.shetty.mat21@itbhu.ac.in,harsh.kadiyan.cd.mat21@itbhu.ac.in,raunak.pandey.ece21@itbhu.ac.in,siddanth.shetty.mat21@itbhu.ac.in,tanishka.misra.ece22@itbhu.ac.in,aryan.pandey.ece22@itbhu.ac.in,tanishka.misra.ece22@itbhu.ac.in,jitendra.singh.ece20@itbhu.ac.in,gayatri.devi.mat19@itbhu.ac.in,jitu27092709@gmail.com,ujjawal.modi.cse21@itbhu.ac.in,raghav.singh.cse21@itbhu.ac.in,kunal.lalwani.cse21@itbhu.ac.in,ujjawal.modi.cse21@itbhu.ac.in,himanshu.student.eee21@itbhu.ac.in,harshwardhan.singh.eee21@itbhu.ac.in,ravi.kumar.eee21@itbhu.ac.in,himanshu.student.eee21@itbhu.ac.in,kaushtubh.singh.cse23@itbhu.ac.in,survesh.dhamija.cse23@itbhu.ac.in,pratik.ranjan.cse23@itbhu.ac.in,kaushtubh.singh.cse23@itbhu.ac.in,puneet.awasthi.cd.che21@itbhu.ac.in,bhavesh.sharma.cd.civ21@itbhu.ac.in,amey.naik.cd.che21@itbhu.ac.in,puneet.awasthi.cd.che21@itbhu.ac.in,sanchit.srivastav.min21@itbhu.ac.in,sanskar.jaiswal.cd.mec21@itbhu.ac.in,kashish.chawla.min21@itbhu.ac.in,kashish.chawla.min21@itbhu.ac.in,prachi.kumar.ece21@itbhu.ac.in,anjali.tiwari.ece21@itbhu.ac.in,prachi.kumar.ece21@itbhu.ac.in,ayushi.mittal.mat21@itbhu.ac.in,yashwini.bansal.cse21@itbhu.ac.in,abhishek.student.eee21@itbhu.ac.in,ayushi.mittal.mat21@itbhu.ac.in,sparsh.somani.eee21@itbhu.ac.in,neerav.daswani.eee21@itbhu.ac.in,shivendra.pandey.eee21@itbhu.ac.in,sparsh.somani.eee21@itbhu.ac.in,ankit.kansal.cse21@itbhu.ac.in,kinshuk.bansal.cse21@itbhu.ac.in,shubham.yadav.cse21@itbhu.ac.in,ankit.kansal.cse21@itbhu.ac.in,bmani.pradeep.cse21@itbhu.ac.in,bandam.saijaswanth.cse21@itbhu.ac.in,svishnu.karthikeyar.cse21@itbhu.ac.in,bmani.pradeep.cse21@itbhu.ac.in,piyush.pransukhka.mat20@itbhu.ac.in,pranav.dev.mat20@itbhu.ac.in,kartik.malik.mat20@itbhu.ac.in,kartik.malik.mat20@itbhu.ac.in,aashu.singh.cd.met21@itbhu.ac.in,aashu.singh.cd.met21@itbhu.ac.in,shriya.tiwari.met21@itbhu.ac.in,shriya.tiwari.met21@itbhu.ac.in,Parth.Dabas.cse23@itbhu.ac.in,parth.dabas2004@gmail.com,satyam.chitransh.cse21@itbhu.ac.in,nachiketa.sharma.cse21@itbhu.ac.in,adrito.mukherjee.cse21@itbhu.ac.in,chitranshair@gmail.com,sukriti.sharma.met21@itbhu.ac.in,sukriti.sharma.met21@itbhu.ac.in,sairaj.chavan.cse23@itbhu.ac.in,parth.dabas.cse23@itbhu.ac.in,shayon.dasgupta.cse23@itbhu.ac.in,sairaj.chavan.cse23@itbhu.ac.in,janhavi.verma.cse21@itbhu.ac.in,sameeksha.malav.cse21@itbhu.ac.in,ruchira.naskar.cse21@itbhu.ac.in,janhavi.verma.cse21@itbhu.ac.in,pawar.mrunmayee.mec22@itbhu.ac.in,pawar.mrunmayee.mec22@itbhu.ac.in,shreyan.sinha.cd.eee20@itbhu.ac.in,shreyan.sinha.cd.eee20@itbhu.ac.in,hardik.sharma.mat22@itbhu.ac.in,aarav.mehta.mat22@itbhu.ac.in,archit.dabral.mat22@itbhu.ac.in,hardikdevgan2003@gmail.com,swayamshus.swain.cd.mec20@itbhu.ac.in,mailto:ronit.mishra.met20@itbhu.ac.in,mailto:aryaman.singh.cd.civ20@itbhu.ac.in,swayamshus.swain.cd.mec20@itbhu.ac.in,ujjwal.srivastava.mec20@itbhu.ac.in,tanmay.pani.mec20@itbhu.ac.in,srujjwal1102@gmail.com,ksanskruti.sanjay.cse21@itbhu.ac.in,aranta.sinha.cse21@itbhu.ac.in,ksanskruti.sanjay.cse21@itbhu.ac.in,aditya.singh.cse21@itbhu.ac.in,yashwant.singh.cse21@itbhu.ac.in,tushar.talesara.cse21@itbhu.ac.in,aditya.singh.cse21@itbhu.ac.in,shagun.garg.eee22@itbhu.ac.in,anushka.sarkar.eee22@itbhu.ac.in,shreya.srivastava.eee22@itbhu.ac.in,gargshagun2005@gmail.com,eshaan.agarwal.eee20@itbhu.ac.in,tanvi.student.eee20@itbhu.ac.in,gautam.chaudhary.eee20@itbhu.ac.in,eshaan.agarwal.eee20@itbhu.ac.in,utkarsh.pandey.cd.eee20@itbhu.ac.in,ashwani.student.eee20@itbhu.ac.in,vardan.goel.cd.eee20@itbhu.ac.in,uttu.2002@gmail.com,priyansh.gupta.mat22@itbhu.ac.in,f20220103@pilani.bits-pilani.ac.in,priyanshgupta3002@gmail.com,vaibhav.khater.cse21@itbhu.ac.in,archit.kumar.cse21@itbhu.ac.in,vaibhav.khater.cse21@itbhu.ac.in,anisarg.nileshbhai.ece21@itbhu.ac.in,anant.jain.ece21@itbhu.ac.in,aryan.sinha.ece21@itbhu.ac.in,anisarg.nileshbhai.ece21@itbhu.ac.in,parth.goel.eee22@itbhu.ac.in,gaurav.rawat.cse22@itbhu.ac.in,agrim.gupta.eee22@itbhu.ac.in,parth.goel.eee22@itbhu.ac.in,naman.dtandel.cse23@itbhu.ac.in,naman.dtandel.cse23@itbhu.ac.in,Raushan.singh.eee22@itbhu.ac.in,naveen.shukla.eee22@itbhu.ac.in,yashkumar.agrawal.eee22@itbhu.ac.in,raushansingh.india114@gmail.com,ameetaa.sengupta.cse22@itbhu.ac.in,rashi.ranjan.cse22@itbhu.ac.in,saumya.cse22@itbhu.ac.in,ameetaa.sengupta.cse22@itbhu.ac.in,naitik.agrawal.mat23@itbhu.ac.in,Pratyush.sinha.mat23@itbhu.ac.in,codeswithnaitik@gmail.com,vaibhav.hebale.mec21@itbhu.ac.in,vaibhavhebale17@gmail.com,pithani.yaswika.mat21@itbhu.ac.in,pithani.yaswika.mat21@itbhu.ac.in,aparna.dubey.met21@itbhu.ac.in,aparna.dubey.met21@itbhu.ac.in,suhani.goyal.met21@itbhu.ac.in,suhani.goyal.met21@itbhu.ac.in,vedant.chitnis.che20@itbhu.ac.in,shyam.chaturvedi.eee20@itbhu.ac.in,naman.jhavar.eee20@itbhu.ac.in,vedant.chitnis.che20@itbhu.ac.in,sourav.patwal.cd.che20@itbhu.ac.in,gauravkr.verma.cd.che20@itbhu.ac.in,sourav.patwal.cd.che20@itbhu.ac.in,Abhiharsh.chauhan.eee27@itbhu.ac.in,shivansh.pandey.eee26@itbhu.ac.in,abhay.roopwani.eee22@itbhu.ac.in,abhi25jk@gmail.com,saket.ranjan.min22@itbhu.ac.in,rishit.pal.min22@itbhu.ac.in,ravi.rathor.min22@itbhu.ac.in,saket.ranjan.min22@itbhu.ac.in,mohitkumar.agrawal.ece21@itbhu.ac.in,archit.pattanaik.ece21@itbhu.ac.in,samarsingh.randhawa.ece21@itbhu.ac.in,agrawalmohit393@gmail.com,sangam.singh.eee22@itbhu.ac.in,ajay.patel.eee22@itbhu.ac.in,laxman.sahoo.eee22@itbhu.ac.in,sangam.singh.eee22@itbhu.ac.in,chinmaya.mishra.cd.eee22@itbhu.ac.in,pranab.barman.eee22@itbhu.ac.in,pradhumn.jadav.eee22@itbhu.ac.in,chinmaya.mishra.cd.eee22@itbhu.ac.in,sanskar.singh.eee21@itbhu.ac.in,sanskar.singh.eee21@itbhu.ac.in,utkarsh.pandey.eee20@itbhu.ac.in,vidit.agarwal.eee20@itbhu.ac.in,nikhil.student.eee20@itbhu.ac.in,utkarsh.pandey.eee20@itbhu.ac.in,tapish.malav.cse22@itbhu.ac.in,shreyam.chaurasia.cse22@itbhu.ac.in,ananya.psingh.cd.cse22@itbhu.ac.in,tapish123malav@gmail.com,chakshu.sharad.cd.ece21@itbhu.ac.in,chakshusharad205@gmail.com,priyanshu.student.ece21@itbhu.ac.in,abhishek.kumar.ece21@itbhu.ac.in,abhishek.anand.ece21@itbhu.ac.in,priyanshu.student.ece21@itbhu.ac.in,jishusen.gupta.mat22@itbhu.ac.in,anmol.shukla.mat22@itbhu.ac.in,hardik.sharma.mat22@itbhu.ac.in,jishusengupta19072004@gmail.com,